"","shopname","addr","telephone","long","lat"
"1","역삼아레나빌딩","서울특별시 강남구 언주로 425 (역삼동)","02-568-3762","127.043069","37.501087"
"2","논현역사거리","서울특별시 강남구 강남대로 538 (논현동)","02-3442-3672","127.022223","37.510178"
"3","국기원사거리","서울특별시 강남구 테헤란로 125 (역삼동)","02-568-3668","127.031495","37.499517"
"4","대치대원빌딩R","서울특별시 강남구 남부순환로 2947 (대치동)","02-568-3704","127.062583","37.494668"
"5","삼성역섬유센터R","서울특별시 강남구 테헤란로 518 (대치동)","02-568-3648","127.060651","37.507750"
"6","압구정R","서울특별시 강남구 언주로 861 (신사동)","02-541-3622","127.033061","37.5273669"
"7","수서역R","서울특별시 강남구 광평로 281 (수서동)","02-6181-3688","127.102650","37.488008"
"8","양재강남빌딩R","서울특별시 강남구 남부순환로 2621 (도곡동)","02-571-3604","127.036685","37.485192"
"9","선릉동신빌딩R","서울특별시 강남구 테헤란로 409 (삼성동)","02-2051-3562","127.050409","37.505321"
"10","봉은사로선정릉","서울특별시 강남구 봉은사로 446 (삼성동)","02-539-3564","127.048409","37.511293"
"11","강남오거리","서울특별시 강남구 봉은사로2길 39 (역삼동)","02-557-3484","127.026672","37.502117"
"12","스타필드코엑스몰R","서울특별시 강남구 영동대로 513 (삼성동)","02-6002-3467","127.061455","37.50999"
"13","강남구청정문","서울특별시 강남구 학동로 419 (청담동)","02-514-3397","127.045995","37.518181"
"14","도곡공원","서울특별시 강남구 도곡로 205 (역삼동)","02-565-3496","127.041309","37.492805"
"15","강남R","서울특별시 강남구 강남대로 390 (역삼동)","02-561-3478","127.028439","37.497711"
"16","대치은마사거리","서울특별시 강남구 도곡로 457 (대치동)","02-554-3315","127.060172","37.498973"
"17","청담영동대로","서울특별시 강남구 영동대로 720 (청담동)","02-3443-3371","127.056449","37.522156"
"18","압구정","서울특별시 강남구 압구정로30길 17 (신사동)","02-541-3306","127.029560","37.526283"
"19","신사가로수","서울특별시 강남구 압구정로12길 32 (신사동)","02-3446-3356","127.022510","37.521852"
"20","청담스타R","서울특별시 강남구 도산대로57길 24 (청담동)","02-514-3364","127.041827","37.525216"
"21","강남우성","서울특별시 강남구 강남대로 328 (역삼동)","02-565-3347","127.030910","37.492396"
"22","학동사거리","서울특별시 강남구 도산대로 328 (논현동) HS빌딩","02-758-8971","127.03795430000002","37.52236449999999"
"23","대치사거리","서울특별시 강남구 삼성로 402 (대치동)","02-561-3287","127.058817","37.503331"
"24","포스코사거리","서울특별시 강남구 테헤란로 505 (삼성동) 화진빌딩","02-554-3235","127.05742710000004","37.5075307"
"25","을지병원사거리","서울특별시 강남구 논현로 752 (논현동,구산빌딩)","02-758-8896","127.0286446","37.5191632"
"26","신사역","서울특별시 강남구 도산대로 108 (논현동) 렉스타워","02-758-8848","127.0207428","37.5162021"
"27","도곡역","서울특별시 강남구 남부순환로 2909 (대치동)","02-758-8809","127.057398","37.492167"
"28","서울세관사거리","서울특별시 강남구 언주로 650 (논현동) 한국건설기술인협회","02-758-8798","127.035653","37.514887"
"29","청담사거리","서울특별시 강남구 도산대로 458 (청담동) 리츠타워","02-758-8726","127.04686509999999","37.5236351"
"30","한티역","서울특별시 강남구 도곡로 408, 디마크빌딩 101호 (대치동)","02-758-8683","127.055055","37.496801"
"31","역삼초교사거리","서울특별시 강남구 역삼로 123 (역삼동)","02-758-8739","127.03299730000003","37.4941059"
"32","코엑스몰","서울특별시 강남구 영동대로 513 (삼성동) 코엑스","02-758-8733","127.059024","37.511921"
"33","가로수길","서울특별시 강남구 논현로175길 94, 1~2층 (신사동)","02-758-8661","127.02162499999997","37.5231593"
"34","역삼대로","서울특별시 강남구 테헤란로 211, 한국고등교육재단빌딩 1층 (역삼동)","02-758-8626","127.039375","37.501623"
"35","역삼포스코","서울특별시 강남구 테헤란로 134, P&S TOWER (역삼동)","02-758-8631","127.033582","37.499721"
"36","강남대로","서울특별시 강남구 강남대로 456, 한석타워 2층 1-2호 (역삼동)","02-758-8624","127.025546","37.50314"
"37","청담","서울특별시 강남구 도산대로 532, 인희빌딩 1층 (청담동)","02-758-8659","127.05155990000003","37.5243631"
"38","삼성도심공항","서울특별시 강남구 테헤란로87길 33 (삼성동)","02-758-8635","127.05791339999996","37.5097863"
"39","삼성교","서울특별시 강남구 영동대로86길 12, ,9,10번지 동남유화빌딩 (대치동)","02-758-8592","127.06517","37.507794"
"40","학동역","서울특별시 강남구 논현로 704 (논현동)","02-758-8101","127.0307302","37.51464884"
"41","대치","서울특별시 강남구 도곡로 511 (대치동)","02-758-8063","127.0622171","37.49966175"
"42","기술센터","서울특별시 강남구 테헤란로 305, 한국기술센터 1층 (역삼동)","02-6009-3410","127.0436409","37.50329211"
"43","SSG마켓도곡R","서울특별시 강남구 언주로30길 57, 타워팰리스Ⅱ F 지하1층 (도곡동)","02-2191-1219","127.054895","37.490298"
"44","삼성","서울특별시 강남구 테헤란로 443, 애플트리타워 1층 (삼성동)","02-758-8038","127.0555503","37.50703529"
"45","선릉세화빌딩","서울특별시 강남구 테헤란로64길 18, 세화빌딩 1층 (대치동)","02-758-8028","127.051196","37.50377562"
"46","압구정역","서울특별시 강남구 압구정로 170, 관영빌딩 1층 지하1층 (신사동)","02-758-8013","127.0281105","37.52674095"
"47","압구정로","서울특별시 강남구 압구정로42길 32 (신사동)","02-758-8231","127.0347174","37.52680046"
"48","구역삼사거리","서울특별시 강남구 논현로 401 (역삼동)","02-758-8247","127.0388645","37.49592355"
"49","큰길타워","서울특별시 강남구 테헤란로 223, 큰길타워빌딩 (역삼동)","02-758-8116","127.0407","37.50236693"
"50","강남구청역","서울특별시 강남구 선릉로 669, 웰빙센터 1층 (논현동)","02-758-8119","127.04124330000002","37.5165849"
"51","대치역","서울특별시 강남구 남부순환로 2936, 원플러스 상가107호 (대치동)","02-758-8120","127.061874","37.493554"
"52","포이","서울특별시 강남구 논현로 88 (개포동)","02-758-8122","127.0451411","37.47781106"
"53","아크플레이스","서울특별시 강남구 테헤란로 142 (역삼동)","02-758-8158","127.0349084","37.49971982"
"54","학여울역","서울특별시 강남구 영동대로 215 (대치동)","02-758-8151","127.0684943","37.49803646"
"55","선정릉역","서울특별시 강남구 봉은사로 407 (삼성동) 에프오빌딩","02-758-8970","127.04455970000003","37.51075489999999"
"56","삼성현대힐","서울특별시 강남구 삼성로 605 (삼성동)","02-758-8278","127.0527183","37.51354184"
"57","GS타워","서울특별시 강남구 논현로 508 (역삼동)","02-758-8129","127.03727759999992","37.5018592"
"58","압구정미소","서울특별시 강남구 논현로 841 (신사동)","02-758-8109","127.027915","37.52405601"
"59","선릉역","서울특별시 강남구 테헤란로 334, LG화재 빌딩 (역삼동)","02-758-8108","127.0485135","37.50393894"
"60","수서","서울특별시 강남구 밤고개로1길 10 (수서동) 수서현대벤쳐빌 지하2층","02-758-8165","127.1017508","37.48801132"
"61","코엑스사거리","서울특별시 강남구 영동대로 616 (삼성동)","02-758-8478","127.060109","37.515351"
"62","역삼럭키","서울특별시 강남구 도곡로 183 (역삼동)","02-758-8463","127.039389","37.492209"
"63","차병원사거리","서울특별시 강남구 봉은사로 213, 센트럴타워 (논현동)","02-758-8444","127.035373","37.508032"
"64","청담공원","서울특별시 강남구 학동로 506 (삼성동)","02-758-8394","127.05143870000006","37.5186549"
"65","신압구정","서울특별시 강남구 언주로174길 29 (신사동)","02-758-8398","127.036441","37.528115"
"66","아크로힐스논현","서울특별시 강남구 봉은사로 304, 금강빌딩 1-2층 (역삼동)","02-758-8317","127.0403869","37.50898041"
"67","뱅뱅사거리","서울특별시 강남구 강남대로 282 (도곡동)","02-758-8325","127.032415","37.488585"
"68","강남비젼타워","서울특별시 강남구 테헤란로2길 27, 1층 101호 (역삼동)","02-758-8492","127.02968850000002","37.4964557"
"69","역삼역","서울특별시 강남구 테헤란로 145, 우신빌딩 1층 (역삼동)","02-758-8314","127.0351577","37.50080096"
"70","압구정로데오역","서울특별시 강남구 선릉로 836, 삼원빌딩 1,2층 (청담동)","02-758-8345","127.040437","37.526549"
"71","르네상스사거리","서울특별시 강남구 테헤란로 306 (역삼동)","02-758-8321","127.044308","37.502721"
"72","포스코","서울특별시 강남구 삼성로86길 7, 1층 (대치동)","02-758-8331","127.057966","37.50576"
"73","선릉로","서울특별시 강남구 선릉로93길 22, 대흥빌딩 1층 (역삼동)","02-758-8552","127.046577","37.505053"
"74","삼성역","서울특별시 강남구 테헤란로103길 9 (삼성동)","02-758-8585","127.063864","37.510015"
"75","논현힐탑","서울특별시 강남구 논현로 648 (논현동)","02-758-8426","127.03226199999994","37.5115577"
"76","도산가로수길","서울특별시 강남구 도산대로 134, 2층 (논현동)","02-758-8429","127.02329570000006","37.51736229999999"
"77","미아뉴타운","서울특별시 강북구 삼양로 161 (미아동)","02-980-3341","127.021072","37.618319"
"78","강북구청사거리","서울특별시 강북구 도봉로 365 (수유동)","02-758-8944","127.0273766","37.6400354"
"79","미아사거리역","서울특별시 강북구 도봉로 32 (미아동)","02-758-8859","127.0306971","37.611809"
"80","수유역","서울특별시 강북구 도봉로 342 (번동)","02-758-8104","127.02613500000007","37.6380167"
"81","미아역","서울특별시 강북구 도봉로 196 (미아동)","02-758-8500","127.026578","37.626148"
"82","우장산역","서울특별시 강서구 강서로 267 (내발산동)","02-2664-2624","126.835984","37.549090"
"83","마곡사이언스타워R","서울특별시 강서구 마곡동로 62 (마곡동)","02-2659-3585","126.833954","37.561492"
"84","방화DT","서울특별시 강서구 방화대로 375 (방화동)","02-2664-3480","126.816415","37.574339"
"85","마곡나루역","서울특별시 강서구 마곡중앙로 161-17 (마곡동)","02-3662-3504","126.82614","37.56813"
"86","마곡GMG","서울특별시 강서구 마곡중앙6로 16 (마곡동) 117,118,119,120호","02-2659-3404","126.829667","37.560487"
"87","가양역","서울특별시 강서구 양천로 476 (등촌동)","02-3661-3418","126.853327","37.561640"
"88","화곡DT","서울특별시 강서구 등촌로 57 (화곡동)","02-2648-3257","126.863232","37.535149"
"89","양천향교역","서울특별시 강서구 강서로 463 (마곡동)","02-2658-3312","126.840731","37.566964"
"90","화곡동","서울특별시 강서구 화곡로 142(화곡동)","02-758-8881","126.8372413","37.5405115"
"91","등촌","서울특별시 강서구 공항대로 329 (등촌동)","02-758-8883","126.84433919999992","37.5582043"
"92","염창역","서울특별시 강서구 공항대로 627 (염창동)","02-758-8694","126.874436","37.547359"
"93","발산역","서울특별시 강서구 강서로 388 (등촌동) 그랜드마트","02-758-8720","126.839279","37.56033"
"94","가양이마트","서울특별시 강서구 양천로 559, 가양이마트 1층 (가양동)","02-758-8070","126.86229779999996","37.5578966"
"95","까치산역","서울특별시 강서구 강서로13길 3 (화곡동)","02-758-8538","126.846077","37.532303"
"96","관악서울대입구R","서울특별시 관악구 관악로 158 (봉천동)","02-883-3725","126.952780","37.479343"
"97","신림DT","서울특별시 관악구 남부순환로 1419 (신림동)","02-851-3283","126.908407","37.480935"
"98","서울대역","서울특별시 관악구 남부순환로 1817 (봉천동)","02-876-3252","126.952200","37.481599"
"99","낙성대DT","서울특별시 관악구 남부순환로 1948 (봉천동)","02-872-3249","126.965005","37.476169"
"100","사당","서울특별시 관악구 남부순환로 2082-25","02-758-8721","126.980997","37.47601"
"101","보라매대교","서울특별시 관악구 보라매로3길 23, 대교빌딩 1층 (봉천동)","02-758-8629","126.925432","37.491449"
"102","신림사거리","서울특별시 관악구 남부순환로 1619 (신림동)","02-758-8645","126.930467","37.484768"
"103","신림","서울특별시 관악구 신림로 355-1 (신림동)","02-758-8290","126.9291602","37.48609493"
"104","신림역포도몰","서울특별시 관악구 신림로 330, PODO MALL 1층 101 일부 (신림동)","02-758-8286","126.9301799","37.48385383"
"105","서울대입구역","서울특별시 관악구 남부순환로 1812 (봉천동)","02-758-8460","126.951324","37.48118"
"106","어린이대공원역","서울시 광진구 능동로243","02-464-3656","127.076404","37.551946"
"107","아차산역","서울시 광진구 천호대로 676","02-455-3637","127.0898757","37.5505388"
"108","올림픽대교북단","서울특별시 광진구 광나루로 608 (구의동)","02-453-3514","127.095240","37.541129"
"109","구의DT","서울특별시 광진구 광나루로 519 (구의동)","02-758-8901","127.0871587","37.5451984"
"110","자양사거리","서울특별시 광진구 아차산로 355","02-758-8865","127.0825821","37.5371158"
"111","군자역","서울특별시 광진구 천호대로 548 (군자동) 중앙빌딩","02-758-8748","127.078916","37.556703"
"112","광나루","서울특별시 광진구 아차산로 607, 1,2층 (광장동)","02-758-8648","127.105934","37.547442"
"113","건대스타시티","서울특별시 광진구 아차산로 262 (자양동)","02-758-8197","127.0725451","37.53780432"
"114","자양","서울특별시 광진구 능동로 50 (자양동)","02-758-8159","127.06914619999998","37.5354769"
"115","강변역","서울특별시 광진구 구의강변로 64 (구의동) 구의아크로리버","02-758-8759","127.093086","37.536155"
"116","건대입구","서울특별시 광진구 능동로 107 (화양동)","02-758-8305","127.07072249999999","37.5406604"
"117","구의역","서울특별시 광진구 아차산로 373 (구의동)","02-758-8476","127.084015","37.53698"
"118","광장","서울특별시 광진구 아차산로 537-17 (광장동)","02-758-8508","127.099789","37.542857"
"119","건국클래식","서울특별시 광진구 능동로 90 (자양동) 더 클래식500","02-758-8519","127.070709","37.53838"
"120","가산에스케이","서울특별시 금천구 가산디지털1로 171 (가산동)","02-6244-8046","126.8805702","37.48061318"
"121","독산사거리","서울특별시 금천구 시흥대로 426 (독산동)","02-838-3444","126.898775","37.471511"
"122","금천시흥","서울특별시 금천구 시흥대로 164 (시흥동)","02-805-3360","126.903183","37.448624"
"123","가산디지털단지역","서울특별시 금천구 벚꽃로 298 (가산동)","02-2083-8302","126.883779","37.481324"
"124","금천독산","서울특별시 금천구 두산로 70 (독산동)","02-758-8765","126.895246","37.46914"
"125","가산디지털","서울특별시 금천구 가산디지털1로 168 (가산동)","02-758-8147","126.88249969999992","37.4798346"
"126","W-Mall","서울특별시 금천구 디지털로 188 (가산동)","02-758-8196","126.8876908","37.47730499"
"127","마리오아울렛","서울특별시 금천구 벚꽃로 266 마리오아울렛3관","02-758-8542","126.885076","37.478701"
"128","가산브이타워","서울특별시 금천구 가산디지털1로 128 (가산동)","02-758-8371","126.883683","37.477221"
"129","가산그레이트","서울특별시 금천구 디지털로9길 32, 갑을그레이트밸리 1층 (가산동)","02-758-8346","126.88747680000006","37.4794491"
"130","월계트레이더스","서울시 노원구 마들로3길 15","02-971-3748","127.06149779999998","37.6277053"
"131","상계초교사거리","서울 노원구 노원로 449","02-931-3660","127.066442 ","37.656776"
"132","공릉DT","서울특별시 노원구 동일로 1015 (공릉동)","02-971-3457","127.0743116","37.6206884"
"133","노원마들역","서울특별시 노원구 노원로 569 (상계동, 임광아파트)","02-934-3438","127.058008","37.660941"
"134","공릉역","서울특별시 노원구 동일로 1081 (공릉동)","02-972-3380","127.072252","37.626337"
"135","서울여대","서울특별시 노원구 화랑로 621 (공릉동)","02-758-8647","127.093084","37.626163"
"136","은행사거리","서울특별시 노원구 중계로 217, 중흥빌딩 103,203호 (중계동)","02-758-8238","127.0759861","37.65048737"
"137","노원KT","서울특별시 노원구 노해로 502, (주)KT 노원사옥 (상계동)","02-758-8523","127.063617","37.654562"
"138","광운대","서울특별시 노원구 석계로 104 (월계동)","02-758-8485","127.06070090000003","37.6231479"
"139","중계역","서울특별시 노원구 동일로 1339, 대한빌딩 (상계동)","02-758-8567","127.062244","37.64817"
"140","노원역","서울특별시 노원구 동일로 1413, 1층 (상계동)","02-758-8584","127.060034","37.654751"
"141","월계이마트","서울특별시 노원구 마들로3길 15 (월계동)","02-758-8573","127.062094","37.627155"
"142","창동이마트","서울특별시 도봉구 노해로65길 4 (창동)","02-903-3791","127.046869","37.651645"
"143","쌍문역","서울특별시 도봉구 도봉로 480 (창동)","02-758-8691","127.034783","37.648456"
"144","남성역","서울특별시 동작구 사당로 219 (사당동)","02-533-3783","126.9725739","37.4841198"
"145","보라매공원R","서울특별시 동작구 보라매로5길 35 (신대방동, 파크스퀘어,보라매현대APT)","02-832-3693","126.92334570798292","37.49226212712864"
"146","이수자이","서울특별시 동작구 사당로 300 (사당동 이수자이)","02-588-3657","126.980047","37.484414"
"147","노량진역","서울특별시 동작구 노량진로 134 (노량진동)","02-816-3581","126.940879","37.513390"
"148","신대방삼거리역","서울특별시 동작구 상도로 102 (상도동)","02-813-3501","126.931766","37.499914"
"149","중앙대","서울특별시 동작구 흑석로 75-1 (흑석동)","02-812-3250","126.958125","37.506933"
"150","숭실대입구역","서울특별시 동작구 상도로 354 (상도동)","02-815-3205","126.95271230000003","37.4968346"
"151","숭실대","서울특별시 동작구 사당로 4 (상도동)","02-758-8153","126.9548891","37.49538073"
"152","사당역","서울특별시 동작구 동작대로 21, 양지빌딩 1-3층 (사당동)","02-758-8311","126.9813456","37.47849216"
"153","상암YTN","서울특별시 마포구 상암산로 76 (상암동)","02-304-3752","126.892315","37.579183"
"154","마포용강동","서울특별시 마포구 토정로 295 (용강동)","02-3275-3655","126.942209","37.541186"
"155","홍대입구역사거리R","서울특별시 마포구 양화로 125 (서교동)","02-325-3531","126.92036","37.554636"
"156","마포경찰서후문","서울특별시 마포구 마포대로 173-14 (아현동)","02-392-3555","126.953432","37.550800"
"157","공덕","서울특별시 마포구 마포대로 130 (공덕동)","02-716-3426","126.952956","37.545913"
"158","합정폴리스R","서울특별시 마포구 양화로 45 (서교동, 메세나폴리스)","02-324-3587","126.9134","37.5509"
"159","홍대공항철도역","서울특별시 마포구 양화로 178 (동교동)","02-332-3516","126.925146","37.557491"
"160","마포염리","서울특별시 마포구 독막로 311 (염리동)","02-3272-3331","126.947680","37.543876"
"161","서강광흥창역","서울특별시 마포구 서강로 69 (창전동)","02-325-3351","126.931661","37.549377"
"162","합정","서울특별시 마포구 월드컵로1길 14 (합정동) 마포한강푸르지오 110, 111, 112-2","02-323-3214","126.912999","37.549630"
"163","서강대흥역","서울특별시 마포구 백범로 89-5 (대흥동)","02-3272-3335","126.941576","37.548178"
"164","서교동사거리","서울특별시 마포구 양화로 105 (서교동)","02-326-5218","126.918564","37.553376"
"165","상암사보이시티","서울특별시 마포구 월드컵북로54길 17 (상암동)","02-373-3225","126.888983","37.581470"
"166","신촌오거리","서울특별시 마포구 신촌로16길 10 (노고산동)","02-334-3275","126.934694","37.555137"
"167","상암디지털큐브","서울특별시 마포구 상암산로 34","02-758-8890","126.8892477","37.5763132"
"168","상수역","서울특별시 마포구 독막로 88 (상수동)","02-758-8925","126.92321579999998","37.5474817"
"169","공덕오거리","서울특별시 마포구 마포대로 86 (도화동) 창강빌딩","02-758-8933","126.95057730000008","37.5424641"
"170","서교","서울특별시 마포구 양화로 78 (서교동) 서교빌딩 1층","02-758-8856","126.9169208","37.551385"
"171","서강대","서울특별시 마포구 백범로 23 (신수동)","02-758-8783","126.9378262","37.5524584"
"172","상암MBC","서울특별시 마포구 성암로 267 (상암동)","02-758-8787","126.890908","37.581297"
"173","홍대공원","서울특별시 마포구 와우산로 83 (서교동)","02-758-8786","126.9232428","37.5518983"
"174","홍대역","서울특별시 마포구 양화로 165, 상진빌딩 1층 (동교동)","02-758-8672","126.923654","37.557175"
"175","동교","서울특별시 마포구 월드컵북로 22, 영준빌딩 1층 (동교동)","02-758-8637","126.919819","37.556928"
"176","애오개역","서울특별시 마포구 마포대로 201, 마포트라팰리스II (아현동)","02-758-8272","126.9555203","37.55218737"
"177","홍대갤러리","서울특별시 마포구 와우산로 101, 정명빌딩 (서교동)","02-758-8293","126.9248279","37.55328184"
"178","상암DMC","서울특별시 마포구 월드컵북로 375, DMC이안오피스텔1단지 102호,202호 (상암동)","02-6393-6219","126.890684","37.577623"
"179","마포일진빌딩","서울특별시 마포구 마포대로 45, 일진빌딩 1층 (도화동)","02-758-8265","126.9463168","37.54043451"
"180","마포아크로","서울특별시 마포구 마포대로 68 (도화동) 마포아크로타워","02-758-8217","126.948819","37.54145556"
"181","홍대삼거리","서울특별시 마포구 와우산로 64 (상수동)","02-758-8402","126.923179","37.550266"
"182","망원역","서울특별시 마포구 월드컵로 74 (서교동)","02-758-8365","126.910637","37.555829"
"183","마포이마트","서울특별시 마포구 백범로 212 (신공덕동) 마포이마트","02-758-8467","126.953341","37.542421"
"184","합정메세나몰","서울특별시 마포구 양화로 45 (서교동, 메세나폴리스)","02-758-8534","126.913848","37.551004"
"185","가재울뉴타운","서울 서대문구 가재울미래로 2","02-304-3724","126.9164441","37.5749841"
"186","신촌역","서울특별시 서대문구 신촌로 73 (창천동)","02-336-3529","126.934673","37.556167"
"187","연희동","서울특별시 서대문구 연희로 97 (연희동)","02-326-3372","126.930475","37.566702"
"188","아현역","서울특별시 서대문구 신촌로35길 10 (북아현동, E편한세상신촌 4단지)","02-312-3430","126.956058","37.557820"
"189","홍제역","서울특별시 서대문구 통일로 451 (홍제동)","02-396-3383","126.943864","37.588658"
"190","연세백양로","서울특별시 서대문구 연세로 50 (신촌동) 연세대학교","02-758-8977","126.937529","37.562644"
"191","명지대","서울특별시 서대문구 거북골로 53 (남가좌동)","02-758-8908","126.92232330000001","37.5782618"
"192","연희DT","서울특별시 서대문구 연희로 144 (연희동)","02-758-8893","126.9339777","37.5702143"
"193","동교삼거리","서울특별시 서대문구 신촌로 1 (창천동)","02-758-8688","126.92742","37.559046"
"194","경기대","서울특별시 서대문구 충정로 53 (충정로2가)","02-758-8163","126.9646045","37.56367995"
"195","신촌대로","서울특별시 서대문구 신촌로 121 (창천동)","02-758-8090","126.9392796","37.55624543"
"196","신촌","서울특별시 서대문구 연세로 10-1 (창천동)","02-758-8035","126.9371155","37.55648577"
"197","이대R","서울특별시 서대문구 이화여대길 34 (대현동)","02-758-8001","126.9459643","37.55848315"
"198","연세종합관","서울특별시 서대문구 연세로 50, 연세세브란스 종합관 (신촌동)","02-758-8244","126.9414708","37.56177145"
"199","이대ECC","서울특별시 서대문구 이화여대길 52 (대현동) 이화여자대학교 B415호","02-758-8240","126.947350","37.561631"
"200","연대","서울특별시 서대문구 연세로 35 (창천동)","02-758-8439","126.936727","37.558706"
"201","신촌아트레온","서울특별시 서대문구 신촌로 129 (창천동)","02-758-8401","126.940238","37.556505"
"202","충정로역","서울특별시 서대문구 충정로 23","02-758-8479","126.963219","37.56137"
"203","연대동문","서울특별시 서대문구 성산로 565 (대신동)","02-758-8450","126.946273","37.566385"
"204","신촌명물거리","서울특별시 서대문구 명물길 24, 1-5층 (창천동)","02-365-8330","126.938095","37.557796"
"205","충정타워","서울특별시 서대문구 서소문로 21, 충정타워빌딩 1층 (충정로3가)","02-758-8333","126.964110","37.559869"
"206","강남교보타워R","서울특별시 서초구 강남대로 465 (서초동)","02-534-3604","127.024075","37.503789"
"207","방배다이치빌딩","서울특별시 서초구 방배로 114 (방배동)","02-3473-3576","126.995872","37.484329"
"208","센트럴F1","서울특별시 서초구 신반포로 176 (반포동)","02-537-3598","127.004395","37.505148"
"209","서초역이화빌딩","서울특별시 서초구 반포대로21길 3 (서초동)","02-522-3533","127.009126","37.487931"
"210","서초구청","서울특별시 서초구 남부순환로 2557 (서초동)","02-3471-3545","127.030103","37.484206"
"211","서초우성사거리","서울특별시 서초구 강남대로 343 (서초동)","02-3486-3536","127.029430","37.493545"
"212","이수역사거리","서울특별시 서초구 서초대로 3-4 (방배동, 방배디오슈페리움1)","02-3476-3472","126.983027","37.485850"
"213","강남대로신사","서울특별시 서초구 강남대로 595 (잠원동)","02-516-3402","127.019469","37.514890"
"214","서울고속터미널","서울특별시 서초구 신반포로 194 (반포동)","02-592-3432","127.005648","37.504406"
"215","강남대로논현R","서울특별시 서초구 강남대로85길 5 (반포동)","02-515-3419","127.022568","37.507413"
"216","방배","서울특별시 서초구 방배로 211","02-536-3204","126.99049739999998","37.491914"
"217","방배카페거리","서울특별시 서초구 방배중앙로 162 (방배동)","02-536-3206","126.9865297","37.4934767"
"218","서초법원","서울특별시 서초구 서초대로 274 (서초동)","02-523-3294","127.011875","37.492970"
"219","청계산입구역","서울특별시 서초구 청계산로 203 (신원동)","02-577-3253","127.056250","37.447323"
"220","사당로데오","서울특별시 서초구 방배천로 5-4(방배동)","02-758-8953","126.98216049999996","37.4772752"
"221","파미에파크R","서울특별시 서초구 사평대로 205 (반포동) CENTRALCITY","02-758-8790","127.004362","37.5030521"
"222","교대역","서울특별시 서초구 서초중앙로 138 (서초동) 우림빌딩","02-758-8757","127.01394","37.494207"
"223","양재역","서울특별시 서초구 강남대로 202 (양재동) 모산빌딩","02-758-8816","127.0367682","37.4820475"
"224","논현역","서울특별시 서초구 강남대로 557 (잠원동) 1~2층","02-758-8819","127.0205875","37.5111983"
"225","이수역","서울특별시 서초구 동작대로 112 (방배동)","02-758-8794","126.98274029999993","37.4864664"
"226","내방역","서울특별시 서초구 방배로 184 (방배동) 대풍빌딩","02-758-8740","126.992455","37.490004"
"227","서초파라곤","서울특별시 서초구 서초대로74길 29 (서초동) 서초파라곤","02-758-8716","127.027422","37.494941"
"228","서울아트센터","서울특별시 서초구 남부순환로 2395 (서초동) 호경빌딩","02-758-8738","127.012368","37.480866"
"229","서초중앙로","서울특별시 서초구 서초중앙로 225","02-758-8715","127.01152","37.501691"
"230","센트럴시티","서울특별시 서초구 신반포로 176 (반포동)","02-758-8656","127.004459","37.504707"
"231","강남삼성타운","서울특별시 서초구 서초대로78길 24 (서초동)","02-758-8213","127.0277144","37.49562035"
"232","방배역","서울특별시 서초구 방배로 84 (방배동)","02-758-8086","126.9976438","37.48200755"
"233","반포역","서울특별시 서초구 신반포로 257 (잠원동) 신반포11차상가","02-758-8141","127.011959","37.508589"
"234","남부터미널","서울특별시 서초구 서초중앙로 26, 래미안서초유니빌 1층 101호 (서초동)","02-758-8085","127.0169464","37.48467334"
"235","뉴코아강남","서울특별시 서초구 잠원로 69 (잠원동) 킴스클럽","02-758-8032","127.0069582","37.51031339"
"236","강남2","서울특별시 서초구 서초대로77길 27, 유빌딩 1,2층 (서초동)","02-758-8081","127.02549090000002","37.5000875"
"237","교대","서울특별시 서초구 서초중앙로 118 (서초동)","02-758-8073","127.0142207","37.4923611"
"238","하이브랜드","서울특별시 서초구 매헌로 16, 리빙관 101호 (양재동)","02-2155-4117","127.0368447","37.46330766"
"239","신논현역","서울특별시 서초구 강남대로 483 (반포동) 청호빌딩","02-758-8756","127.023636","37.50529"
"240","영동2교","서울특별시 서초구 논현로 139, 대흥빌딩 (양재동)","02-758-8291","127.0425748","37.48203954"
"241","남부터미널2","서울특별시 서초구 효령로 274 (서초동)","02-758-8229","127.0142192","37.48436736"
"242","서래마을입구","서울특별시 서초구 서래로 48 (반포동)","02-3482-8257","126.9984801","37.49925284"
"243","몬테소리","서울특별시 서초구 강남대로 399 (서초동)","02-758-8225","127.026865","37.4982695"
"244","서초역","서울특별시 서초구 반포대로 118 (서초동)","02-758-8289","127.0086118","37.49067495"
"245","예술의전당","서울특별시 서초구 남부순환로323길 1, 1층 (서초동)","02-758-8313","127.0134724","37.48115265"
"246","교대법원","서울특별시 서초구 서초중앙로 164 (서초동)","02-758-8400","127.013336","37.496329"
"247","강남GT타워","서울특별시 서초구 서초대로 411, GT타워 (서초동)","02-758-8477","127.02583300000003","37.498056"
"248","서초동","서울특별시 서초구 남부순환로339길 64, 현우빌딩 1층 (서초동)","02-758-8459","127.021525","37.485941"
"249","서울교대","서울특별시 서초구 서초중앙로 64, 1층 (서초동)","02-758-8332","127.015134","37.487397"
"250","강남에비뉴","서울특별시 서초구 서초대로77길 62, 강남역아이파크 B102~B105 (서초동)","02-758-8587","127.023894","37.5027"
"251","종암DT","서울특별시 성북구 종암로 17 (종암동)","02-925-3469","127.0360401","37.5919525"
"252","미아","서울특별시 성북구 동소문로 314 (하월곡동)","02-913-3364","127.029303","37.607581"
"253","성신여대정문","서울특별시 성북구 보문로34길 62 (동선동2가)","02-922-3281","127.018800","37.590910"
"254","종암","서울특별시 성북구 종암로 122 (종암동)","02-758-8980","127.033847","37.601095"
"255","삼선교","서울특별시 성북구 동소문로 10 (동소문동2가)","02-758-8714","127.00732070000003","37.588696"
"256","월곡역","서울특별시 성북구 화랑로 76, 101-1호 (하월곡동)","02-758-8608","127.040446","37.601718"
"257","고대","서울특별시 성북구 인촌로24길 51 (안암동5가)","02-758-8067","127.0297352","37.58397192"
"258","현대미아","서울특별시 성북구 동소문로 315, 현대백화점미아점 지하 1층 (길음동)","02-758-8203","127.0287483","37.60837822"
"259","성신여대","서울특별시 성북구 동소문로24길 12 (동선동1가)","02-758-8499","127.018379","37.593135"
"260","안암역","서울특별시 성북구 인촌로 102-2 (안암동5가)","02-758-8541","127.030556","37.586319"
"261","한성대입구역","서울특별시 성북구 성북로 11 (성북동1가)","02-758-8455","127.004839","37.589054"
"262","송파나루역DT","서울특별시 송파구 오금로 142 (송파동)","02-421-3622","127.1102658","37.510793"
"263","잠실시그마타워","서울특별시 송파구 올림픽로 289 (신천동)","02-417-3614","127.102493","37.514567"
"264","문정법원로R","서울특별시 송파구 송파대로 201 (문정동)","02-881-5012","127.119164","37.487447"
"265","송파개롱역","서울특별시 송파구 오금로 420 (가락동)","02-401-3574","127.13652","37.496956"
"266","문정하비오","서울특별시 송파구 송파대로 111 (문정동, 파크하비오) 204동 104호~107호","02-401-3431","127.123446","37.481925"
"267","문정역","서울특별시 송파구 송파대로 167 (문정동)테라타워 B동 137호~139호,204호","02-2054-3836","127.122237","37.484813"
"268","잠실대교남단R","서울특별시 송파구 올림픽로35길 141 (신천동)","02-416-0020","127.099006","37.515511"
"269","송파위례","서울특별시 송파구 위례광장로 230 (장지동, 위례2차아이파크)","02-3012-3457","127.144067","37.478264"
"270","송파방이DT","서울특별시 송파구 오금로 241 (방이동)","02-414-3269","127.120495","37.506564"
"271","송파구청","서울특별시 송파구 오금로 87 (방이동)","02-2145-0300","127.107404","37.514573"
"272","올림픽평화의문","서울특별시 송파구 위례성대로 38 (방이동) 해태그린피아빌라트","02-758-8983","127.11648190000005","37.5156426"
"273","송파아이파크","서울특별시 송파구 법원로 55 (문정동)","02-409-3245","127.122379","37.479892"
"274","송파사거리","서울특별시 송파구 송파대로 386 (송파동)","02-758-8931","127.1103904","37.5022788"
"275","석촌서호","서울특별시 송파구 석촌호수로 176 (삼전동)","02-758-8874","127.0964684","37.5063929"
"276","문정로데오","서울특별시 송파구 동남로 141 (가락동)","02-758-8860","127.1262696","37.491905"
"277","올림픽훼미리","서울특별시 송파구 중대로 68 (문정동)","02-758-8793","127.116308","37.491626"
"278","올림픽공원남문","서울특별시 송파구 위례성대로 102 (방이동)","02-758-8769","127.123113","37.5133"
"279","방이역","서울특별시 송파구 마천로 53, 1~2층 (오금동)","02-758-8698","127.126569","37.508666"
"280","석촌호수","서울특별시 송파구 석촌호수로 262 (송파동)","02-758-8693","127.104993","37.509581"
"281","잠실푸르지오월드","서울특별시 송파구 올림픽로35가길 9, 잠실푸르지오월드마크 1층 (신천동)","02-758-8652","127.103426","37.517649"
"282","잠실새내역","서울특별시 송파구 올림픽로 96 (잠실동)","02-758-8643","127.081062","37.511679"
"283","잠실역","서울특별시 송파구 송파대로 562, 한빛프라자 1층, 2층 (신천동)","02-758-8077","127.099231","37.515272"
"284","갤러리아팰리스","서울특별시 송파구 올림픽로 212, 갤러리아 팰리스 (잠실동)","02-758-8118","127.0938059","37.51108365"
"285","아시아선수촌","서울특별시 송파구 백제고분로 69 (잠실동)","02-758-8124","127.0790472","37.51052862"
"286","올림픽아파트","서울특별시 송파구 양재대로 1222 (방이동)","02-758-8580","127.133237","37.515315"
"287","가락본동","서울특별시 송파구 송파대로30길 13 (가락동)","02-758-8495","127.118785","37.494895"
"288","석촌역","서울특별시 송파구 백제고분로 358, 1층 (석촌동)","02-758-8350","127.10610769999994","37.5042626"
"289","가락시장역","서울특별시 송파구 중대로 121, 롯데캐슬 파인힐 1층 (가락동)","02-758-8469","127.121354","37.494299"
"290","가든파이브","서울특별시 송파구 충민로 10 (문정동) 가든파이브툴","02-758-8406","127.11937030000001","37.4782316"
"291","등촌역","서울특별시 양천구 공항대로 566 (목동) 1층 2층","02-2645-3631","126.868070","37.548884"
"292","목동행복한","서울특별시 양천구 목동동로 309 (목동)","02-2643-3652","126.876099","37.529147"
"293","신정DT","서울특별시 양천구 신월로 341 (신정동)","02-2604-3441","126.858865","37.521993"
"294","목동역","서울특별시 양천구 목동로 203 (신정동) 1층일부","02-2602-3505","126.863986","37.526684"
"295","목동오목로","서울특별시 양천구 오목로 279 (목동) 102,103,104,105호","02-2642-3326","126.868438","37.525923"
"296","목동8단지","서울특별시 양천구 목동서로 299 (신정동)","02-2061-3381","126.868841","37.520518"
"297","오목교역","서울특별시 양천구 오목로 354 (목동)","02-758-8941","126.87652120000007","37.5235882"
"298","신월IC DT","서울특별시 양천구 남부순환로 430 (신월동)","02-758-8930","126.831983","37.5294984"
"299","목동7단지","서울특별시 양천구 목동서로 213 (목동) 세신비젼프라자","02-758-8842","126.87053","37.528012"
"300","목동하이페리온","서울특별시 양천구 오목로 300 (목동)","02-758-8610","126.870316","37.524931"
"301","목동5단지","서울특별시 양천구 목동동로 411, 1동 116호(목동, 부영그린타운3차)","02-758-8615","126.88212","37.536706"
"302","목동","서울특별시 양천구 목동서로 67 (목동) 우성에펠타운","02-758-8099","126.8785597","37.53638383"
"303","현대목동","서울특별시 양천구 목동동로 257, 현대백화점목동점 지하 2층 (목동)","02-2163-1750","126.875023","37.526848"
"304","목동파라곤","서울특별시 양천구 목동서로 155, 목동파라곤 1층 (목동)","02-758-8353","126.874996","37.52947"
"305","샛강역","서울특별시 영등포구 여의대방로 376 (여의도동)","02-780-3743","126.9312716","37.5183551"
"306","영등포역","서울특별시 영등포구 경인로 870 (영등포동1가)","02-2068-3692","126.9091390","37.5169614"
"307","당산대로","서울특별시 영등포구 양평로 22 (당산동6가)","02-2631-3397","126.903804","37.533121"
"308","여의도IFC몰(L1)R","서울특별시 영등포구 국제금융로 10 (여의도동) 지하1층 178호","02-6137-5178","126.925508","37.525127"
"309","여의도KBS R","서울특별시 영등포구 의사당대로 26 (여의도동)","02-782-3470","126.918456","37.526596"
"310","여의도화재보험","서울특별시 영등포구 국제금융로6길 38 (여의도동)","02-782-3565","126.926004","37.521345"
"311","국회대로","서울특별시 영등포구 국회대로 786 (여의도동)","02-761-3466","126.919549","37.530260"
"312","영등포KT","서울특별시 영등포구 영중로 119 (영등포동8가)","02-2671-3369","126.904706","37.526792"
"313","여의도공원R","서울특별시 영등포구 여의공원로 101 (여의도동)","02-3775-3359","126.924872","37.529231"
"314","국회의사당역","서울특별시 영등포구 의사당대로 8 (여의도동)","02-780-3346","126.916882","37.527831"
"315","선유도역","서울특별시 영등포구 양평로 115 (양평동4가)","02-2634-3258","126.894594","37.537268"
"316","여의도역","서울특별시 영등포구 의사당대로 83 (여의도동) 한국휴렛팩커드빌딩","02-761-3236","126.923439","37.523328"
"317","선유동이레빌딩","서울특별시 영등포구 선유동2로 57 (양평제1동) 이레빌딩","02-2068-3224","126.896912","37.534109"
"318","동여의도","서울특별시 영등포구 국제금융로 86 (여의도동) 롯데캐슬 아이비","02-758-8875","126.9317957","37.5199494"
"319","여의도ABL타워","서울특별시 영등포구 의사당대로 147 (여의도동) 알리안츠타워","02-758-8834","126.92779","37.518749"
"320","영등포신길DT","서울특별시 영등포구 신길로 137 (신길동)","02-758-8813","126.910073","37.504566"
"321","문래역","서울특별시 영등포구 당산로 34 (문래동3가)","02-758-8833","126.896475","37.517428"
"322","당산","서울특별시 영등포구 양평로 64 (당산동6가)","02-758-8713","126.899942","37.535164"
"323","여의도한양증권","서울특별시 영등포구 국제금융로6길 7 (여의도동) 한양증권","02-758-8711","126.929093","37.522418"
"324","여의도일신","서울특별시 영등포구 은행로 11 (여의도동) 1층 1부","02-758-8695","126.920103","37.528"
"325","신세계영등포B2","서울특별시 영등포구 영중로 9, 신세계백화점 B관 지하2층 (영등포동4가)","02-2639-4072","126.905608","37.517162"
"326","하이테크시티","서울특별시 영등포구 경인로 775 (문래동3가) 에이스하이테크시티","02-758-8210","126.8986474","37.51467062"
"327","당산역","서울특별시 영등포구 당산로 231, 대원빌딩 1,2층 (당산동6가)","02-758-8270","126.90187630000002","37.5344337"
"328","서여의도","서울특별시 영등포구 국회대로70길 15-1 (여의도동)","02-758-8008","126.920272","37.52958977"
"329","여의도","서울특별시 영등포구 국제금융로2길 28 (여의도동)","02-758-8007","126.9245179","37.52403519"
"330","여의도미래에셋대우","서울특별시 영등포구 국제금융로 56, 대우증권빌딩 1층 (여의도동)","02-758-8052","126.9296464","37.52226158"
"331","롯데캐슬여의도","서울특별시 영등포구 의사당대로 127 (여의도동) 롯데캐슬앰파이어 1층 104호","02-758-8127","126.9263678","37.52025214"
"332","문래동","서울특별시 영등포구 선유로 64, 대창타운빌 1층 (문래동3가)","02-758-8324","126.889652","37.519602"
"333","신세계영등포B","서울특별시 영등포구 영중로 9, 신세계백화점 B관 1층 (영등포동4가)","02-2639-4058","126.905608","37.517162"
"334","여의도호성","서울특별시 영등포구 여의대방로65길 24, 호성빌딩 1층 (여의도동)","02-758-8379","126.929426","37.520176"
"335","타임스퀘어B2","서울특별시 영등포구 영중로 15, 타임스퀘어 단지 지하2층 (영등포동4가)","02-758-8415","126.903387","37.516985"
"336","영등포본동","서울특별시 영등포구 영등포로 254 (영등포동3가)","02-758-8335","126.909559","37.518713"
"337","타임스퀘어","서울특별시 영등포구 영중로 15 (영등포동4가) 타임스퀘어","02-758-8303","126.903387","37.516985"
"338","여의도의사당","서울특별시 영등포구 국회대로74길 12, 남중빌딩 1층 (여의도동)","02-758-8348","126.92109","37.530023"
"339","여의도IFC(1F)","서울특별시 영등포구 국제금융로 10 (여의도동)","02-6137-9955","126.924668","37.525273"
"340","불광역","서울시 은평구 통일로 715","02-352-3711","126.9303971","37.6093820"
"341","구파발사거리","서울시 은평구 진관3로 21 은평엘크루 101동 105-108호","02-389-3557","126.91881","37.639617"
"342","연신내역사거리","서울특별시 은평구 통일로 842 (불광동)","02-358-3491","126.922062","37.618620"
"343","연신내","서울특별시 은평구 통일로 867 (갈현동)","02-388-3348","126.919913","37.620417"
"344","구파발역","서울특별시 은평구 진관2로 12","02-758-8934","126.918881","37.63446"
"345","은평구청입구","서울특별시 은평구 은평로 170 (응암동)","02-758-8762","126.926789","37.601042"
"346","은평이마트","서울특별시 은평구 은평로 111 (응암동)","02-758-8139","126.9202735","37.60037923"
"347","구산역","서울특별시 은평구 연서로 146 (대조동)","02-758-8515","126.917678","37.611745"
"348","연합뉴스","서울특별시 종로구 율곡로2길 25 (수송동)","02-730-3742","126.9804590000005","37.5743289"
"349","혜화역","서울시 종로구 대학로12길 4 1~2층","02-742-3673","127.0021850","37.5824779"
"350","경희궁로","서울특별시 종로구 새문안로3길 15 (당주동)","02-730-3761","126.972343","37.571759"
"351","종로평창동","서울특별시 종로구 평창12길 3 (평창동)","02-396-3631","126.967213","37.606149"
"352","광화문우체국","서울특별시 종로구 종로 6 (서린동)","02-733-3592","126.978083","37.569854"
"353","더종로R","서울특별시 종로구 종로 51 (종로2가)","02-722-3507","126.983494","37.570804"
"354","독립문역","서울특별시 종로구 통일로 168-1 (교남동)","02-737-3544","126.961269","37.571432"
"355","정부서울청사R","서울특별시 종로구 새문안로5가길 28 (적선동)","02-722-3549","126.973571","37.574411"
"356","동묘앞역","서울특별시 종로구 종로 344 (숭인동, 대우디오빌) 101호 일부, 201호 일부","02-2234-4265","127.016072","37.572700"
"357","종로구청","서울특별시 종로구 삼봉로 71 (수송동)","02-6281-3272","126.981138","37.572662"
"358","북촌로","서울특별시 종로구 북촌로4길 23 (계동)","02-758-8827","126.986431","37.579462"
"359","종로수송","서울특별시 종로구 종로5길 30 (청진동) 1~3층","02-758-8818","126.9807831","37.5714931"
"360","새문안로","서울특별시 종로구 새문안로 92 (신문로1가) 광화문오피시아빌딩","02-758-8788","126.9748903","37.5696597"
"361","안국","서울특별시 종로구 북촌로 5-1 (재동)","02-758-8779","126.985635","37.577338"
"362","삼청동","서울특별시 종로구 삼청로 111-1 (삼청동)","02-758-8771","126.9817512","37.585381"
"363","광화문D타워","서울특별시 종로구 종로3길 17 (청진동) D타워","02-758-8954","126.9788297","37.5714"
"364","서울극장","서울특별시 종로구 돈화문로 13 (관수동) 서울극장","02-758-8269","126.9917911","37.56975769"
"365","적선","서울특별시 종로구 새문안로5길 55, 노스게이트빌딩 1층 (적선동)","02-758-8050","126.9739361","37.57520431"
"366","인사","서울특별시 종로구 인사동길 14 (인사동)","02-758-8022","126.98703490000002","37.5721293"
"367","영풍문고","서울특별시 종로구 청계천로 41 (서린동) 영풍빌딩","02-758-8083","126.9821243","37.5695584"
"368","광화문R","서울특별시 종로구 세종대로 167, 현대해상본사사옥 별관내 (세종로)","02-758-8036","126.9762872","37.5712293"
"369","성대입구","서울특별시 종로구 창경궁로 235 (명륜3가)","02-758-8249","126.998392","37.582892"
"370","스페이스본","서울특별시 종로구 사직로8길 4 (사직동) 광화문 풍림스페이스본","02-758-8235","126.9692494","37.57532212"
"371","주얼리시티","서울특별시 종로구 종로 183 (인의동) 효성주얼리시티","02-6744-4882","126.998705","37.57154914"
"372","종각","서울특별시 종로구 종로 64 (종로2가)","02-758-8169","126.98452810000003","37.5699183"
"373","새종로","서울특별시 종로구 삼일대로19길 20 (관철동)","02-758-8168","126.9864483","37.56965628"
"374","광교","서울특별시 종로구 청계천로 59 (관철동)","02-758-8154","126.9842163","37.568928"
"375","동숭로아트","서울특별시 종로구 동숭길 110 (동숭동)","02-758-8430","127.003876","37.582969"
"376","종로관철","서울특별시 종로구 종로12길 21, 2층 (관철동)","02-758-8360","126.986013","37.569058"
"377","경복궁역","서울특별시 종로구 자하문로4길 6, 1층 (통의동)","02-758-8359","126.97274530000004","37.5771508"
"378","이마빌딩","서울특별시 종로구 종로1길 42 (수송동)","02-758-8405","126.97897149999994","37.5738637"
"379","대명거리","서울특별시 종로구 대명길 5 (명륜4가)","02-758-8316","127.0011593","37.58349633"
"380","마로니에공원","서울특별시 종로구 대학로 116, 1-2층 (동숭동)","02-758-8315","127.0023412","37.58154296"
"381","종로3가","서울특별시 종로구 종로 113-1, 1-4층 (종로3가)","02-758-8339","126.9902055","37.5705527"
"382","대학로","서울특별시 종로구 대학로 57, 홍익대학교 대학로캠퍼스 內 (연건동)","02-758-8558","127.001449","37.576509"
"383","종로2가","서울특별시 종로구 삼일대로 403-1 (인사동)","02-758-8548","126.987362","37.570631"
"384","경복궁사거리","서울특별시 종로구 율곡로 6, B동 101호(중학동, 트윈트리타워)","02-758-8386","126.980581","37.575578"
"385","종로관수","서울특별시 종로구 삼일대로20길 13 (관수동)","02-758-8560","126.988665","37.569385"
"386","숭례문북창","서울특별시 중구 세종대로12길 12 (남대문로4가)","02-3789-3661","126.976838","37.561725"
"387","대한상공회의소R","서울시 중구 세종대로 39 상공회의소회관 1층","02-6050-1180","126.973702","37.560938"
"388","명동센트럴","서울특별시 중구 명동9길 16 (명동1가)","02-3789-3640","126.985233","37.564669"
"389","국립중앙의료원","서울특별시 중구 을지로 251 (을지로6가)","02-2269-3667","127.0062376","37.5665160"
"390","동국대","서울특별시 중구 서애로 1길 11","02-2269-3296","126.998437","37.561542"
"391","신세계본점5F","서울특별시 중구 소공로 63 (충무로1가)","02-310-1514","126.981134","37.560951"
"392","을지로내외빌딩R","서울특별시 중구 을지로 51 (을지로2가)","02-754-3429","126.983663","37.566479"
"393","대우재단빌딩","서울특별시 중구 퇴계로 18 (남대문로5가)","02-6366-1381","126.975081","37.556781"
"394","동대문공원","서울특별시 중구 장충단로 229 (광희동1가)","02-2279-3345","127.007191","37.565133"
"395","을지로국제빌딩","서울특별시 중구 남대문로 109 (다동)","02-752-3464","126.982219","37.566952"
"396","동대입구역","서울특별시 중구 장충단로 166 (장충동1가)","02-2264-3364","127.006142","37.559593"
"397","신당역사거리","서울특별시 중구 다산로 258 (흥인동)","02-2253-3318","127.016430","37.565807"
"398","연세세브란스","서울특별시 중구 통일로 10 (남대문로5가)","02-2259-3331","126.973540","37.557207"
"399","회현역","서울특별시 중구 퇴계로 72 (회현동) 리더스뷰남산","02-758-8986","126.98074670000005","37.5589809"
"400","을지로경기빌딩","서울특별시 중구 남대문로10길 9 (삼각동) 경기빌딩","02-758-8981","126.983156","37.567172"
"401","을지로2가","서울특별시 중구 삼일대로 358 (을지로2가)","02-6250-8280","126.988066","37.566347"
"402","신세계본점6F","서울특별시 중구 퇴계로 77 (충무로1가)","02-310-1431","126.980758","37.560381"
"403","서울중앙우체국","서울특별시 중구 소공로 70 (충무로 1가) 서울 중앙 우체국","02-758-8979","126.982117","37.561678"
"404","한국프레스센터","서울특별시 중구 세종대로 124 (태평로1가)","02-722-3263","126.977859","37.567381"
"405","명동중앙로","서울특별시 중구 명동길 60 (명동 2가)","02-758-8903","126.9857723","37.5637485"
"406","약수역","서울특별시 중구 다산로 129 (신당동)","02-758-8862","127.0107253","37.555437"
"407","중구저동","서울특별시 중구 수표로 34 (저동2가)","02-758-8857","126.9903382","37.5643686"
"408","명동길","서울특별시 중구 명동10길 41","02-758-8849","126.9858669","37.5620695"
"409","소공로북창","서울특별시 중구 세종대로18길 32 (소공동) 삼원빌딩","02-758-8843","126.9789237","37.5636856"
"410","서소문로","서울특별시 중구 서소문로 120 (서소문동) 대한빌딩","02-758-8832","126.974546","37.563006"
"411","신당역","서울특별시 중구 퇴계로 385, 1층 (흥인동)","02-758-8669","127.014554","37.565522"
"412","명동메트로","서울특별시 중구 명동9가길 14 (을지로1가) 메트로호텔","02-758-8764","126.983681","37.565118"
"413","숭례문","서울특별시 중구 세종대로 17, 와이즈타워 1층 (남대문로5가)","02-758-8087","126.9730952","37.55874473"
"414","순화동더샵","서울특별시 중구 칠패로 27, 1층 (순화동)","02-758-8209","126.971931","37.560072"
"415","대한극장","서울특별시 중구 퇴계로 212 (필동 2가)","02-758-8030","126.9952735","37.56105065"
"416","소공동","서울특별시 중구 소공로 112 (소공동)","02-758-8140","126.979157","37.564448"
"417","무교동","서울특별시 중구 무교로 21 (무교동) 코오롱빌딩 1층","02-758-8037","126.978738","37.56781712"
"418","문화일보","서울특별시 중구 새문안로 22 (충정로1가) 문화일보","02-758-8047","126.9686642","37.56712291"
"419","태평로","서울특별시 중구 세종대로 72, 대영빌딩 1층 (태평로2가)","02-758-8039","126.9767928","37.56248285"
"420","퍼시픽타워","서울특별시 중구 세종대로9길 41, 퍼시픽타워 1층 (서소문동)","02-758-8079","126.9730264","37.56132157"
"421","남산단암","서울특별시 중구 소월로 10, 단암빌딩 (남대문로5가)","02-758-8306","126.9754585","37.55853622"
"422","황학캐슬","서울특별시 중구 청계천로 400 (황학동) 롯데캐슬베네치아","02-2048-5257","127.022905","37.57124"
"423","서소문","서울특별시 중구 서소문로 130 (서소문동)","02-758-8181","126.97551290000001","37.5633773"
"424","명동미래","서울특별시 중구 명동 7길 8, 2층 (명동 1가)","02-758-8318","126.984487","37.564064"
"425","을지로삼화타워","서울특별시 중구 을지로5길 16 삼화타워1층","02-758-8483","126.984707","37.566902"
"426","소공로","서울특별시 중구 남대문로7길 19, 삼영빌딩 1층 일부 (소공동)","02-758-8569","126.98076809999998","37.5637273"
"427","서소문배재","서울특별시 중구 서소문로 99 (서소문동)","02-758-8409","126.97216639999999","37.5628481"
"428","을지로한국빌딩","서울특별시 중구 을지로 50, 1층 (을지로 2가)","02-758-8385","126.98329","37.565722"
"429","순화동에이스","서울특별시 중구 통일로 92 (순화동) 에이스타워빌딩","02-758-8372","126.969144","37.563528"
"430","시청","서울특별시 중구 을지로 19, 삼성화재삼성빌딩 1층 (을지로1가)","02-758-8504","126.979808","37.566290"
"431","시청플러스","서울특별시 중구 을지로 19, 삼성화재삼성빌딩 1층 (을지로1가)","02-758-8505","126.980055","37.566338"
"432","충무로역","서울특별시 중구 퇴계로 197, 충무빌딩 1층 (필동 2가)","02-758-8395","126.993864","37.561499"
"433","명동역","서울특별시 중구 퇴계로 101, 건물 전체 (충무로 1가)","02-758-8562","126.983095","37.560832"
"434","남산스테이트","서울특별시 중구 퇴계로 100 (회현동2가)","02-758-8539","126.982791","37.560205"
"435","명동입구","서울특별시 중구 남대문로 68-1 (명동2가)","02-758-8506","126.982242","37.563319"
"436","명일역","서울특별시 강동구 양재대로 1647 (명일동)","02-427-3681","127.143799","37.552580"
"437","강동구청DT","서울특별시 강동구 성내로 32 (성내동)","02-489-3652","127.123835","37.529437"
"438","강동암사DT","서울특별시 강동구 고덕로 43 (암사동)","02-426-3583","127.130065","37.555054"
"439","강동역","서울특별시 강동구 천호대로 1089 (천호동, 강동 헤르셔)","02-477-3319","127.133086","37.536047"
"440","둔촌동","서울특별시 강동구 양재대로 1303 (성내동) 평원빌딩","02-478-3240","127.133943","37.522724"
"441","천호로데오","서울특별시 강동구 천호대로 1037 (천호동)","02-758-8923","127.12730940000006","37.5378069"
"442","천호이마트","서울특별시 강동구 천호대로 1015-14 (천호동) 이마트별관","02-758-8732","127.125214","37.538933"
"443","길동역","서울특별시 강동구 양재대로 1487 (길동)","02-758-8776","127.1399879","37.5387433"
"444","상일동","서울특별시 강동구 상일로10길 36, 1~2층 (상일동)","02-758-8670","127.174258","37.550072"
"445","올림픽공원북문","서울특별시 강동구 강동대로 171 (성내동)","02-758-8761","127.125932","37.525403"
"446","천호역","서울특별시 강동구 천호대로 1012, 태승빌딩 (성내동)","02-758-8296","127.1245793","37.53795191"
"447","명일이마트","서울특별시 강동구 동남로75길 5 (명일동) 명일이마트별관주차장","02-758-8752","127.155984","37.553991"
"448","길동사거리","서울특별시 강동구 양재대로 1441, 1층 (길동)","02-758-8342","127.13839510000002","37.5346536"
"449","신도림","서울특별시 구로구 경인로 610 (신도림동)","02-2635-3516","126.883953","37.505517"
"450","구로디지털타워","서울특별시 구로구 디지털로32길 30 (구로동)","02-2103-5088","126.896480","37.483432"
"451","오류동역","서울특별시 구로구 경인로 216 (오류동)","02-758-8775","126.8448614","37.4962155"
"452","구로디지털로","서울특별시 구로구 디지털로33길 11, 에이스테크노8차 1층 (구로동)","02-758-8655","126.895587","37.485911"
"453","신세계아이앤씨","서울특별시 구로구 디지털로31길 61, 신세계디지털센터 101호 (구로동)","02-758-8092","126.8916127","37.48587904"
"454","구로에이스","서울특별시 구로구 디지털로 285, 에이스트윈타워1차 103호 (구로동)","02-758-8161","126.8944957","37.48448329"
"455","구로하이엔드","서울특별시 구로구 디지털로26길 5, 에이스하이엔드타워1차 103호 (구로동)","02-758-8340","126.893136","37.481618"
"456","현대디큐브2F","서울특별시 구로구 경인로 662 (신도림동)","02-2210-9237","126.889225","37.508636"
"457","구로호텔","서울특별시 구로구 디지털로32길 72, 구로호텔 1층 (구로동)","02-758-8555","126.89885909999998","37.4831293"
"458","현대디큐브B2","서울특별시 구로구 경인로 662 (신도림동)","02-2210-9797","126.889488","37.508828"
"459","답십리역","서울특별시 동대문구 천호대로 263 (답십리동)","02-2245-3417","127.051106","37.568466"
"460","경희대삼거리","서울특별시 동대문구 회기로 141 (회기동)","02-959-3391","127.052017","37.591531"
"461","외대정문","서울특별시 동대문구 이문로 93 (이문동)","02-965-3373","127.0590302","37.5953464"
"462","신설동역","서울특별시 동대문구 왕산로 19 (신설동)","02-758-8942","127.0255446","37.5767228"
"463","회기역사거리","서울특별시 동대문구 이문로 37 (회기동)","02-758-8767","127.056098","37.590784"
"464","외대","서울특별시 동대문구 휘경로 12-1 (이문동)","02-758-8132","127.0614002","37.59575188"
"465","장한평역","서울특별시 동대문구 장한로 10 (장안동)","02-758-8475","127.065511","37.562337"
"466","경희대","서울특별시 동대문구 경희대로 16-1 (회기동)","02-758-8351","127.05280849999997","37.5928812"
"467","뚝섬역","서울특별시 성동구 아차산로 42 (성수동1가)","02-469-3488","127.049042","37.546432"
"468","황학사거리","서울특별시 성동구 왕십리로 410 (하왕십리동, 센트라스)","02-2294-3409","127.023697","37.567644"
"469","성수역","서울특별시 성동구 성수이로 94 (성수동2가)","02-469-3460","127.056943","37.543193"
"470","상왕십리역","서울특별시 성동구 왕십리로 382 (하왕십리동)","02-2294-3342","127.027907","37.565169"
"471","왕십리역","서울특별시 성동구 왕십리로 326 (도선동)","02-758-8900","127.0339072","37.5627541"
"472","엔터식스한양대","서울특별시 성동구 행당동 왕십리로 241 B1층","02-758-8846","127.04002","37.5570379"
"473","한양대","서울특별시 성동구 왕십리로 225 (행당동)","02-758-8015","127.0421649","37.55726984"
"474","엔터식스","서울특별시 성동구 왕십리광장로 17 (행당동)","02-2200-6250","127.0383328","37.56175811"
"475","성수이마트","서울특별시 성동구 뚝섬로 379 (성수동2가) 이마트 성수점","02-758-8282","127.0530083","37.5396996"
"476","이태원역","서울특별시 용산구 이태원로 188 (이태원동)","02-798-9780","126.994789","37.534273"
"477","한강진역R","서울특별시 용산구 이태원로 252 (한남동)","02-797-3556","127.000980","37.537131"
"478","용산역써밋R","서울특별시 용산구 한강대로 69 (한강로2가, 용산푸르지오써밋)","02-749-3550","126.965401","37.527586"
"479","이촌","서울특별시 용산구 이촌로 276 (이촌동)","02-3785-3518","126.977271","37.518605"
"480","신용산역","서울특별시 용산구 한강대로 95 (한강로2가, 래미안용산)","02-794-3487","126.966757","37.528702"
"481","용산파크타워","서울특별시 용산구 서빙고로 67 (용산동5가, 파크타워)","02-3785-3386","126.970389","37.523818"
"482","남영동","서울특별시 용산구 한강대로 275 (갈월동)","02-3275-3320","126.972242","37.542831"
"483","한남동R","서울특별시 용산구 독서당로 94 (한남동)","070-7831-9088","127.010919","37.534850"
"484","서울타워","서울특별시 용산구 남산공원길 105 (용산동2가) YTN서울타워 1층","02-319-3246","126.988317","37.551102"
"485","서울역동자동","서울특별시 용산구 한강대로 372 (동자동)","02-758-8734","126.972694","37.551752"
"486","이태원거리","서울특별시 용산구 이태원로 213, 1,2층 (한남동)","02-758-8622","126.99756","37.534988"
"487","순천향입구","서울특별시 용산구 대사관로 67 (한남동)","02-758-8600","127.00563","37.533394"
"488","숙대","서울특별시 용산구 청파로47길 57 (청파동3가)","02-758-8191","126.9672252","37.54460479"
"489","동빙고","서울특별시 용산구 장문로 12 (동빙고동)","02-798-8262","126.991782","37.5289857"
"490","숙대입구역","서울특별시 용산구 한강대로 291 (갈월동)","02-758-8377","126.971891","37.544118"
"491","용산아이파크몰","서울특별시 용산구 한강대로23길 55","02-2012-2907","126.96404469999993","37.5288539"
"492","동부이촌동","서울특별시 용산구 이촌로 198 (이촌동)","02-758-8368","126.96905","37.52111"
"493","상봉","서울특별시 중랑구 상봉로 131 (상봉동, 상봉 듀오트리스 주상복합)","02-438-5223","127.092509","37.597842"
"494","중랑역","서울특별시 중랑구 망우로30길 3 (상봉동)","02-758-8935","127.07473579999998","37.5930326"
"495","중랑구청","서울특별시 중랑구 신내로 72","02-758-8887","127.0957558","37.60538908"
"496","사가정역","서울특별시 중랑구 면목로 310","02-758-8823","127.087966","37.579594"
"497","상봉역","서울특별시 중랑구 망우로 307, ,3,4번지 (상봉동)","02-758-8486","127.08647","37.59689"
"498","묵동이마트","서울특별시 중랑구 동일로 932, 묵동이마트 B1층 (묵동)","02-758-8370","127.077484","37.613433"
